[
  {
    "id": "3bb8a429-d7b7-4c24-a3e6-842318cda8ec",
    "data": [
      {
        "text": "brown",
        "userDefined": false
      }
    ],
    "isTemplate": false,
    "count": 0,
    "lang": "en",
    "updated": 0
  },
  {
    "id": "6aafabd1-32d9-413c-af83-1bab2d49d10f",
    "data": [
      {
        "text": "red",
        "userDefined": false
      }
    ],
    "isTemplate": false,
    "count": 0,
    "lang": "en",
    "updated": 0
  },
  {
    "id": "067cf002-8075-4713-b59c-56f99f1b5365",
    "data": [
      {
        "text": "green",
        "userDefined": false
      }
    ],
    "isTemplate": false,
    "count": 0,
    "lang": "en",
    "updated": 0
  }
]