[
  {
    "id": "970d379c-6386-4da0-b33b-a41b1099c9e2",
    "data": [
      {
        "text": "yes for now",
        "userDefined": false
      }
    ],
    "isTemplate": false,
    "count": 0,
    "lang": "en",
    "updated": 0
  },
  {
    "id": "864a0f91-26fa-4a43-b888-b523c5eee430",
    "data": [
      {
        "text": "yeah",
        "userDefined": false
      }
    ],
    "isTemplate": false,
    "count": 0,
    "lang": "en",
    "updated": 0
  },
  {
    "id": "857c1fa6-b3b8-4b8c-881f-53f6921cfe5b",
    "data": [
      {
        "text": "yes",
        "userDefined": false
      }
    ],
    "isTemplate": false,
    "count": 1,
    "lang": "en",
    "updated": 0
  },
  {
    "id": "60887e4c-5e9c-4ae1-a8c4-eaa9162963c2",
    "data": [
      {
        "text": "it\u0027",
        "userDefined": false
      },
      {
        "text": "s",
        "userDefined": false
      },
      {
        "text": " enough",
        "userDefined": false
      }
    ],
    "isTemplate": false,
    "count": 0,
    "lang": "en",
    "updated": 0
  },
  {
    "id": "57a9e9a2-4555-4bfa-bade-930c9650a070",
    "data": [
      {
        "text": "done",
        "userDefined": false
      }
    ],
    "isTemplate": false,
    "count": 0,
    "lang": "en",
    "updated": 0
  },
  {
    "id": "2fd991ac-1e5f-4ced-9eb2-bc0d89fa4a45",
    "data": [
      {
        "text": "that\u0027",
        "userDefined": false
      },
      {
        "text": "s",
        "userDefined": false
      },
      {
        "text": " all",
        "userDefined": false
      }
    ],
    "isTemplate": false,
    "count": 1,
    "lang": "en",
    "updated": 0
  }
]