[
  {
    "id": "17685917-b9e9-44b4-b33a-97d170b7a502",
    "data": [
      {
        "text": "i would prefer order",
        "userDefined": false
      }
    ],
    "isTemplate": false,
    "count": 0,
    "lang": "en",
    "updated": 0
  },
  {
    "id": "ac2a595f-c83b-4bf3-bc2d-14a25eed16fc",
    "data": [
      {
        "text": "i would like to order",
        "userDefined": false
      }
    ],
    "isTemplate": false,
    "count": 0,
    "lang": "en",
    "updated": 0
  },
  {
    "id": "cc7f91a6-22c2-4a45-8213-e394b4b9c6c6",
    "data": [
      {
        "text": "order",
        "userDefined": false
      }
    ],
    "isTemplate": false,
    "count": 0,
    "lang": "en",
    "updated": 0
  }
]