[
  {
    "id": "3c658fea-6dd1-47cd-9937-7d155cf03420",
    "data": [
      {
        "text": "order summary order info",
        "userDefined": false
      }
    ],
    "isTemplate": false,
    "count": 0,
    "lang": "en",
    "updated": 0
  },
  {
    "id": "65290782-da51-40fe-8faf-bc17df61874b",
    "data": [
      {
        "text": "order summary",
        "userDefined": false
      }
    ],
    "isTemplate": false,
    "count": 0,
    "lang": "en",
    "updated": 0
  },
  {
    "id": "5c768ecd-b5da-4208-a3ad-d4846131bb25",
    "data": [
      {
        "text": "status",
        "userDefined": false
      }
    ],
    "isTemplate": false,
    "count": 0,
    "lang": "en",
    "updated": 0
  },
  {
    "id": "db6821e2-0234-4696-b55b-32c937526aca",
    "data": [
      {
        "text": "get order details",
        "userDefined": false
      }
    ],
    "isTemplate": false,
    "count": 0,
    "lang": "en",
    "updated": 0
  },
  {
    "id": "05f3e03f-b624-4953-bdca-1fb5b45c93ca",
    "data": [
      {
        "text": "get details",
        "userDefined": false
      }
    ],
    "isTemplate": false,
    "count": 0,
    "lang": "en",
    "updated": 0
  }
]