[
  {
    "id": "b1688d4a-6e9c-4868-a29f-c509b69e8d27",
    "data": [
      {
        "text": "Sign In",
        "userDefined": false
      }
    ],
    "isTemplate": false,
    "count": 0,
    "lang": "en",
    "updated": 0
  },
  {
    "id": "f0ca9327-6285-457f-bcf8-e027e330dc30",
    "data": [
      {
        "text": "login",
        "userDefined": false
      }
    ],
    "isTemplate": false,
    "count": 0,
    "lang": "en",
    "updated": 0
  },
  {
    "id": "36243706-89a7-4969-9a77-6e0162580aff",
    "data": [
      {
        "text": "signin",
        "userDefined": false
      }
    ],
    "isTemplate": false,
    "count": 0,
    "lang": "en",
    "updated": 0
  }
]